issue,per_month_2024,per_month_2026,share_2026
Fraud or scam,329.0,698.0,30.1
Unauthorized transactions or other transaction problem,138.0,571.0,24.6
Trouble accessing funds in your mobile or digital wallet,114.0,334.0,14.4
Other transaction problem,120.0,268.0,11.5
"Managing, opening, or closing your mobile wallet account",63.0,204.0,8.8
Money was not available when promised,49.0,89.0,3.8
Confusing or missing disclosures,14.0,42.0,1.8
Other service problem,15.0,35.0,1.5
Unexpected or other fees,12.0,26.0,1.1
Confusing or misleading advertising or marketing,4.0,18.0,0.8
Problem adding money,7.0,16.0,0.7
Wrong amount charged or received,7.0,13.0,0.6
"Overdraft, savings, or rewards features",2.0,9.0,0.4
