month,complaints
2022-01,668
2022-02,568
2022-03,748
2022-04,776
2022-05,855
2022-06,667
2022-07,807
2022-08,886
2022-09,805
2022-10,714
2022-11,718
2022-12,707
2023-01,790
2023-02,683
2023-03,733
2023-04,687
2023-05,706
2023-06,733
2023-07,664
2023-08,697
2023-09,744
2023-10,822
2023-11,748
2023-12,801
2024-01,826
2024-02,854
2024-03,877
2024-04,795
2024-05,795
2024-06,791
2024-07,856
2024-08,1025
2024-09,841
2024-10,894
2024-11,831
2024-12,1076
2025-01,48238
2025-02,5314
2025-03,2402
2025-04,1873
2025-05,1947
2025-06,1781
2025-07,2020
2025-08,2024
2025-09,1774
2025-10,3443
2025-11,1865
2025-12,2324
2026-01,2572
2026-02,2015
2026-03,2533
2026-04,2576
2026-05,2341
2026-06,2281
2026-07,2662
2026-08,2356
2026-09,1558
